Przygotowanie + Mieszkanie,,,,
R002.jpg,R003.jpg,R005.jpg,R008.jpg,Akcesoria
R018.jpg,R021.jpg,R026.jpg,R027.jpg,Madzia
R010.jpg,R012.jpg,R013.jpg,R014.jpg,Maciek
R011.jpg (srednie pion),R024.jpg (srednie pion),,,My
R040.jpg (srednie),R034.jpg,R039.jpg,,Przywitanie
R028.jpg (srednie pion),R035.jpg (srednie pion),,,My
R043.jpg,R045.jpg,R046.jpg,R051.jpg,Zyczenia
Kosciol,,,,
R064.jpg (srednie),R063.jpg,R067.jpg,,Pod Kosciolem
R068.jpg (duze),,,,My
R071.jpg,R073.jpg,R072.jpg,R076.jpg,
R077.jpg (srednie),R082.jpg,R084.jpg,,
R088.jpg (srednie),R096.jpg,R093.jpg,,
R097.jpg (srednie pion),R098.jpg (srednie pion),,,
R099.jpg (duze pion),,,,
R102.jpg (srednie),R122.jpg (srednie),,,
R103.jpg (srednie pion),R106.jpg (srednie pion),,,
R112.jpg (srednie),R114.jpg (srednie),,,
R125.jpg (srednie),R128.jpg,R129.jpg,,
R123.jpg (duze),,,,
R136.jpg (srednie pion),R137.jpg (srednie pion),,,
R139.jpg (duze),,,,
Przyjazd + zyczenia,,,,
R144.jpg,R146.jpg,R149.jpg,R151.jpg,Przywitanie
R159.jpg (srednie),R202.jpg,R204.jpg,,Rodzina
R197.jpg (srednie),R198.jpg,R200.jpg,,Rodzina
R160.jpg,R161.jpg,R162.jpg,R172.jpg,Mama Janina I
R175.jpg,R170.jpg,R176.jpg,R187.jpg,Mama Janina II
R177.jpg,R166.jpg,R163.jpg,R165.jpg,Mama Janina III
R154.jpg,R156.jpg,R168.jpg,R171.jpg,Mama Janina IV
R193.jpg (srednie),R188.jpg,R186.jpg,,Sulkowice + Kazia
R184.jpg (srednie),R157.jpg,R185.jpg,,Tarnawa
R182.jpg,R169.jpg,R194.jpg,R178.jpg,Znajomi
R180.jpg,R169.jpg,R181.jpg,R174.jpg,znajomi II
R190.jpg (srednie),R191.jpg (srednie),,,Norwegowie
R189.jpg (srednie),R192.jpg (srednie),,,Norwegowie
Pierwszy taniec + zabawa,,,,
R205.jpg,R207.jpg,R208.jpg,R216.jpg,
R218.jpg,R230.jpg,R256.jpg,R265.jpg,
R222.jpg (srednie),R224.jpg (srednie),,,
R227.jpg (duze),,,,
R287.jpg,R270.jpg,R301.jpg,R260.jpg,rodzice z nami
R239.jpg,R261.jpg,R284.jpg,R353.jpg,dzieci
R268.jpg,R262.jpg,R326.jpg,R233.jpg,dzieci II
R320.jpg (srednie pion),R249.jpg (srednie pion),,,
R378.jpg,R289.jpg,R309.jpg,R368.jpg,Mama Ewa
R269.jpg,R365.jpg,R379.jpg,R281.jpg,Tarnawa
R256.jpg (srednie),R285.jpg,R336.jpg,,
R291.jpg,R292.jpg,R355.jpg,R356.jpg,Mama Janina III
R245.jpg,R282.jpg,R244.jpg,R338.jpg,kolezanki mamy
R317.jpg,R254.jpg,R242.jpg,R295.jpg,Madzia rodzina
R251.jpg (srednie pion),R330.jpg (srednie pion),,,my
R333.jpg,R300.jpg,R307.jpg,R400.jpg,my
R271.jpg,R341.jpg,R342.jpg,R335.jpg,Su_kowice
R398.jpg,R243.jpg,R286.jpg,R304.jpg,Su_kowice II
R348.jpg (duze pion),,,,Maciek babcie
R393.jpg (duze),,,,
R376.jpg,R364.jpg,R313.jpg,R314.jpg,znajomi
R321.jpg,R241.jpg,R246.jpg,R343.jpg,znajomi II
R350.jpg,R352.jpg,R234.jpg,R319.jpg,Madzia kuzyni
R273.jpg,R362.jpg,R357.jpg,R328.jpg,biesiada
R340.jpg,R359.jpg,R363.jpg,R373.jpg,rodze_stwo
R277.jpg,R339.jpg,R259.jpg,R404.jpg,my/rodzenstwo
R312.jpg,R315.jpg,R396.jpg,R405.jpg,milosne spojrzenia
Rodzice + rodzenstwo,,,,
R380.jpg (duze),,,,
R382.jpg (srednie),R387.jpg,R391.jpg,,
R392.jpg (srednie),R388.jpg,R389.jpg,,
Sesja Lanckorona,,,,
Z007.jpg (srednie),Z001.jpg,Z009.jpg,,
Z019.jpg (srednie),Z017.jpg,Z021.jpg,,
Z024.jpg (duze pion),,,,
Z027.jpg (duze pion),,,,
Z043.jpg (duze),,,,
Z047.jpg (duze pion),,,,
Z059.jpg (srednie),Z055.jpg,Z051.jpg,,
Z070.jpg (duze pion),,,,
Z071.jpg (duze),,,,
Z073.jpg (srednie),Z079.jpg (srednie),,,
Z076.jpg,Z078.jpg,Z108.jpg,Z112.jpg,
Z083.jpg (duze pion),,,,
Z091.jpg (srednie pion),Z094.jpg (srednie pion),,,
Z096.jpg (srednie),Z098.jpg (srednie),,,
Z116.jpg (srednie),Z114.jpg,Z120.jpg,,